university	video_group
utokyo	['eb6422b1-c6da-4aff-bc62-189131fa8a96', 'caa37463-8001-4849-b986-ca70ade1d8bb', '108c50a3-aa31-4df9-9915-78b16f000d5b', '2ff3fee9-1073-4201-b0c5-2cb0292e4d00', 'b026e6cd-51b9-4fca-861d-e7b7bbed0e10']
utokyo	['e09ffaab-08c0-46ce-b242-ee029a4306be', '565d83f1-0c21-4f4a-a4d1-ffb336c554ef']
utokyo	['88bae242-7f3a-45d4-b129-5d69b1a1e15a', '986a0113-6bf3-4426-84a5-c5a78c1ee494', 'a8549514-080e-43c2-a728-600dda44f6d9', 'bb5781d9-57a1-473a-ae49-c47e73894e4f']
utokyo	['d8f0089b-cac5-41f4-af66-e11d6f54a43c', 'ab2bf67b-efc0-4448-8c91-a4cecb29691f', '1b2f832a-7c17-4ca8-b7c3-49ac9dbaceb3']
utokyo	['cd12361d-4162-4d47-826e-7f0bcd8878a1', 'df31a646-4ee1-428a-bb97-1d1e872c8d37', '4ce119de-0f42-4bd1-b387-9e19643fdddc', '4480f4ee-d218-41bd-8cdf-a7cbe13b61a0', '3e428db1-f916-4c18-b103-991e8bfa43b2']
utokyo	['143f43b6-3108-4977-ae62-d94e74e14ad6']
utokyo	['09a00c95-fce3-41d7-ab1c-a19692eea8f3','b785626b-2e72-4ee4-84de-16db332ecac6', '02c9f4ca-88f3-4439-ae42-a819cedc67e2']
utokyo	['8eac6789-726f-4d09-a713-b3ce6a45ac21', '676ef0a7-a390-4128-8237-df5c99feb498']
utokyo	['8dadb485-dcb6-4429-b78d-781e6c5aa2a3', 'd5b7e865-a74f-41c1-9946-f3c6da61c0c5','0f5b2d21-5aaf-4073-a63f-2e56b651e132']
utokyo	['248c055c-8ee9-42ad-8519-b1e2678c7f1e', 'ed8d28d1-5d1e-4370-a946-9c39fe5c679b', '80bffd56-1dbd-4433-b730-e76f4f09019c']
utokyo	['86b7a8dc-e0ba-4b21-a097-eed463fb2747', 'e0ff0f60-0e71-479a-85a5-864812e93d8e', '7006d643-836f-4581-8c9b-5f51f6725d65']
utokyo	['c6d92468-586f-483d-bbb3-c29fe04ae9d6']
utokyo	['eac69ea6-7f0a-4aa9-990e-12b8d83789e9']
utokyo	['50b2fa2f-9d39-4b9c-8e3c-4a4ef0669956', '57ab94d1-56d2-4227-b099-7388d4cefcbf', '24a98327-daa1-4afb-a445-fedb484de788']
utokyo	['97f3c1c5-3fc2-4bc8-8956-b6e679ace868', '419db6d8-b67b-4783-8756-b2d25e0dbcc0']
utokyo	['886a3539-ed07-40ee-9197-32ea929588c1']
utokyo	['509abfee-b1aa-41a6-8c80-6dc7ce2afd94', 'df50309a-215b-4038-9831-54cd981799de']
utokyo	['9c9a1df7-2423-4e84-8f81-152869f98862', '06063178-10bb-49be-b7fb-bba740660614', '31326fb3-1861-4149-9175-7f743231927e']
utokyo	['8d30335e-635c-43b6-b1e1-09fa12033416', '9232277f-997b-4721-9d90-bc8cd8da7c0b']
utokyo	['bcb745e1-55a3-41a4-9013-8977a2837737', 'beaa0a85-0b75-4540-89c2-255f04721694']
utokyo	['93ebb042-2544-4554-a07f-f86977d448c9', '9f5253af-acc3-40ca-b8bf-7b931f875bd7']
utokyo	['3ee7070a-fe81-49a9-97a2-902268af9985','ed313aca-e0d2-47e3-b7b4-0bff1a08c275', '54744b8c-81ab-4894-bc04-53f1ed116887']
utokyo	['a6bd7096-ada1-4fe1-a81b-3b7609a39f31', '9a75cf56-f670-42e3-9709-0f6b8c402368']
utokyo	['10358e57-51f9-4db5-903e-11529bdde9a6', '99c22e25-31ba-4d1c-a339-257d329f0efc', '146d77cc-be02-48cc-8c95-afd7566edfae']
utokyo	['7b271797-e305-491d-a4f2-58cf4b1e1456', '95632b4a-81f6-411f-aa1b-adcf8d8b8f08', '36adbd69-8507-48fa-be24-41127a014d85', '1244d83b-fb99-469c-a943-354ac4d95361']
utokyo	['90a0cc01-f498-490a-bda1-01ad94db2946', 'd54f5c98-4862-4c5e-99d6-7768f28bd483', '1fc5abc4-cdae-4f38-8927-ff6135213977']
utokyo	['95710114-4168-47b4-a63e-a4d220b42fcf', 'c522133e-afff-461e-965a-b435e8320baf', '0d23c547-019c-4079-9f3f-531598270143', 'fe255ed6-f889-4f45-96e2-07084d52be25']
utokyo	['c7df0fe0-38ac-4fc1-a068-498ed8ac8ad2', 'a1d427e8-1d69-4c2f-9278-2172bc028c57', '0c0ec306-2554-42fe-a744-cd1fec78f689']
utokyo	['304735ba-6bf5-4d39-bcb5-0dabddb11d68', '094bb63c-2050-4471-88eb-de3b86c26c81']
utokyo	['63932be6-4b53-4390-bf5b-1706282353f9', '6052a4ef-1227-4a9a-9883-6344081f4991','4c6c4e0f-9bca-4ff6-a20e-7786c1640eb0', '8e4f159f-fa24-4458-9d99-7d5b6cc573a7']
utokyo	['fc70c4fe-13e1-4691-ab97-501a22b3a71e', '3668b860-3151-4eda-a005-c730398f7c0a']
utokyo	['401c588f-907f-4559-b6f7-8180ae6969ec', 'e9c1d08f-e357-4d70-9c14-ca316212c3b4']
utokyo	['4e71b2dd-3b4a-4845-9398-38ba9205880a']
utokyo	['3c0fc986-4112-4cbc-af52-ee7d6105269e']
utokyo	['b21c02b1-0ac9-4739-8524-f7b061d92777', 'b14f2469-8df1-4f1a-a397-5374e73d2f46']
utokyo	['7b3bea48-bd62-46b7-888d-2cc6e4bbd11b']
utokyo	['cec778f9-9b54-4b67-b013-116378fd7a85', '114d86a7-2849-46de-8bb7-8fe1e1a48be8', '241db0c6-c1f7-4b02-84c1-e09581baa75c']
utokyo	['8e1655e6-70dd-4280-943c-5d892867495e']
utokyo	['5aa3cd50-4925-4a1a-a8d5-2e18af017660', 'f3f25155-8f09-4601-b604-3555e1a12b9f', 'aca158eb-1f37-4745-ae18-a2fb6777015a','f8336f3f-b0cc-412e-b934-8645ccb3d0cc']
utokyo	['0ed57e80-0e57-47d3-8942-54450722dc95']
utokyo	['cacb6d38-3451-4223-aa13-7ef58a6573db', 'eda62dbd-2dfa-4587-ac9d-130702644ce5']
utokyo	['f248a4aa-dd14-42fb-91fc-ec9f6bc16f20', '25601160-c28d-4fe0-a6d7-fdf8f61b62e2']
utokyo	['6cd49c63-5591-41f5-905f-5f2fe23c62e5']
utokyo	['5ca76592-eb15-4531-9c28-a1431c115f41']
utokyo	['55e6a9ac-9a1d-47f7-be3d-eea1296d1627']
utokyo	['fa245b77-6fe0-4a52-9ae1-1fcac8b9a7aa']
utokyo	['9961615a-7e54-4b22-84ee-8e05f52c22df']
utokyo	['3c2172aa-da7a-4ed2-859a-6e151a74a47f']
utokyo	['ffd863cb-f06b-404e-a013-54acb61f1ed9', '67a4a7c2-d7be-4776-8764-1cca425965b7']
utokyo	['bbd4830e-fad8-4339-8290-eb298cf6ca30', '0fd866bf-bce5-44b4-b983-2b34887a16de']
utokyo	['7f959a19-7aaa-40f7-8159-726e85aa513b', 'd88d4e54-5e5e-4c08-9a87-80958f9e4ec1', '7c43ae25-d33a-4e8d-a6e0-62f3387ad993']
utokyo	['5009ae25-4bc5-47c2-b4be-5a94d53539f3', '8db4d87c-403c-4d79-902b-945df8a4b0e4']
utokyo	['1f6e01ad-350e-4665-b094-dbff31d0460d', 'c1b327b7-017c-4fbd-aeb4-1a5538f91558']
utokyo	['6146205c-f045-4368-acc2-a60dc5e1490b', 'f8b93dd2-dad5-4b96-8781-6dd08f8ea1e0', '04d28bd0-1417-4457-b31a-f35991d1f3c3']
utokyo	['8e92e289-96dd-4777-b485-3dd1efb2d757', '6da8b8f8-1af4-442c-b954-0dcc0c10cd38', '25e093a8-86d5-47e9-b09f-5a8afef85b74', 'fcb98ffa-c41d-4fef-9752-6f673ca8385a']
utokyo	['0780244d-e06c-413a-baa5-abcab16168b6']
utokyo	['20b27403-1876-4fe6-8acc-d319622f3758', 'bbd117a9-e969-4e15-9840-70101a864dd5']
utokyo	['6fea409b-159e-45cb-8fac-da7779d02309', 'dc6c33a2-49ca-4046-bbce-34422b8b7836', 'f3e0b243-eb8c-4b15-8a18-3753bc6bb3b5']
utokyo	['eca9d54b-1d59-4180-a25a-568cb4e3eed6', '362f3e42-3f18-4ed9-af92-069bc555685e']
utokyo	['344098b8-3b27-4a98-a11d-f18fa5c25a5c', '2cc06457-5c98-4514-8400-0872602a858b']
utokyo	['9f28e782-417c-4c8b-a7ae-42fc96a0e94f', '3fafab49-f9a6-4781-912c-c60a91dec5cf']
utokyo	['669737eb-00be-47ef-9051-94e1bf930397']
utokyo	['27825332-6946-4c1c-9b4f-e4de4f13b718', 'ead5041e-3847-461a-b24c-994105f6a38c']
utokyo	['c9d4550d-76d9-47f7-b1e4-916cbef743e5', 'eb654d6a-cfc2-4301-9c28-e4340cb8eb68']
utokyo	['4a36b555-865b-43ad-ba27-cf022521bb6d', 'd82df24e-06e5-4574-b507-523064b7f14d', '11286c45-7869-4b84-81a5-7fcb9a247e9d']
utokyo	['ed22d86f-992b-4df9-8847-15134f19fe0d', '407438da-1518-4c4f-879e-c4c308911f32']
utokyo	['530dd2a8-462c-450b-9f38-1dfff28f139e', 'eb0d2a52-678c-4e23-8d6c-3c7a4fd86098', '85c497c2-d87b-47de-92dc-3b0fad83e6e7']
utokyo	['c88e94a6-5b9a-49a0-9c8a-1fde00d1f97f', '2f12d87a-6a2d-4d58-9c5e-a6db297c637a', 'bde27e15-911c-4705-bab1-106b42a103d0']
utokyo	['e5fb613b-1c6a-4439-8735-6414a6344c76', '64e030dc-955a-4359-abf7-044e0f54d6cb']
utokyo	['1a9bb53f-01ae-4bd7-afa3-a92570679a7a', 'c27f0b7d-9938-4369-99bc-bb93b777644c', 'b8ea1d7f-1928-4699-8b6f-16fdbf5482f1', '77fa7a42-7743-4207-bd4a-9844e2b471d7']
utokyo	['dc4afc9e-7a2d-4876-b5cf-fde740582358', 'be4d685b-1ff8-4030-9d17-f825ced8c0d8', 'd489fbe8-7263-4881-9107-6a107a65146a']
utokyo	['deb43adb-2e2f-454a-ba4e-811ebfe4eaa2', '43c60c21-4ebb-45c3-9ac5-7f3a6c9cd8d5', '37e18a34-1494-46bb-b5f4-239aa31ee2ea']
utokyo	['c3708d65-8d9b-478c-8037-425268e09f07']
utokyo	['f30e01bb-e8f1-42d2-922c-aa7b66da9035', 'c349ad0b-ca23-4990-b49c-a48dc6ceba84']
utokyo	['1ab9d5f7-0181-458e-a5e7-72ce87501f3e']
utokyo	['d13aa822-29de-428a-bdf4-f4d6ec4a22e0', '8cde3461-e499-4b42-9165-1c3d547b3769']
utokyo	['8aa8a9ce-9ff9-4ff8-a61b-3f6cb999f61a', '45c1a870-fc97-450d-b5c8-c37e8e1a2837', 'a005a883-8381-4707-986f-58f0a9c4cea2', '9a2443ba-6b95-451b-9390-3f8895ff0d5d']
utokyo	['c05fa645-0673-4a79-b6dc-7854f56f7d06', '9b8e8dc6-4069-4ef4-b8b2-edeb76894d53', '92a09e8c-0b46-47f0-97a0-3e6411e0a627']
utokyo	['69c9d98e-c125-4d24-b180-aea768ef900a', '592e442a-bf94-416d-aefc-aaf2812eaf24']
utokyo	['c56e7e04-8787-4df1-98c6-352076f61e53', 'f85618c4-6e3d-451e-be44-d8f854526963', 'aba38542-03dc-4d93-81ab-c6348dee042b', 'feab3395-e122-4d57-9503-f8976335b5db']
utokyo	['64f466e5-99c9-4ed5-89be-7ef74d0dfdd3', '62d9a56e-920a-4343-9ce6-dac8ffa260ac', '6745e6c6-27d3-433e-85f9-ecebbc991868', '7c66e365-f716-4a8a-a312-f72ae7c1a727']
utokyo	['056220c6-3c5c-419d-87b2-286e8a3c0706', 'ce4aec15-6bfe-423f-bfa6-cf4d470c1af3', '6d95daa2-2551-4106-a911-ef18ab549b52']
utokyo	['a82e3cde-345a-4e63-a405-a3c32d4d3314', 'ca91c48b-5354-46c1-b001-59abdfeb0279', 'c0daf345-1f3d-4878-871b-b24f5955b43a', 'c7de35a7-9aba-458f-a01c-45aadf0d7e51']
utokyo	['ef348048-3886-484a-8662-6bb59d3fd829', '557aa274-8203-4833-8b41-2e0aafdd8dde', 'e12727cd-cbc2-4cce-a8e4-ed1370c710f5', '680d4471-d4f3-45d0-b533-aee586e05a55']
utokyo	['f2a21887-5802-48aa-b10e-5b050a30ab83', '26679d4b-9d7a-468e-9baa-0538be491975']
utokyo	['7f4225ed-a076-4530-91cf-f3903c5d7637', '3fe80cfa-8dba-4fb6-9c27-b835de536130', '320e73ce-08e0-40bf-945c-f4515d03621f']
utokyo	['2991a3c3-ce12-4fdf-806c-a4c5608c4624', 'ea26e6c4-a144-43a4-8549-07f7b8030454']
utokyo	['8338763a-3f8c-47b1-a6e7-fa3af04cfbf3', '2d7737a2-2e9e-47ec-927f-61f6e5ac065d', '4be8a8b6-6199-40ad-9758-835b62e6547f']
utokyo	['1f9c087f-0d2e-424a-8f90-d5402d639fb8', 'dc4238d7-01a6-4480-b5b6-1ae3aa8cd228', 'df1dccd6-4463-4221-ba8d-b5e7e066ca6b']
utokyo	['f6a0d8f5-468d-4e47-bfca-e7d13b75f26d', 'e6c1a0a5-51f7-49a1-bb09-8839a783c8e6']
utokyo	['e8a47631-b7e6-4c7d-bf0f-a37bf1ec913a']
utokyo	['745aef91-750a-48aa-9464-88802a2a7a40', '6267b058-55a3-4b74-9296-6e128dd02940']
utokyo	['ef725741-fe17-4bd2-ad6e-aba3e9468fd5', 'a053c7e8-2b71-4466-abac-c6747563735a']
utokyo	['090c6bc0-49da-4d3b-b209-a1a60aeb0317', 'def4890f-ff52-4460-8b13-8519eb27f3e0', '1f24a3cf-b5b4-4c8a-abcf-fcee43ec4a0a', '09090dbb-3d4d-4f04-a6c6-d8215a0143f7']
utokyo	['7fb63b81-0a4f-4e9e-906b-60d1935d53c7', 'b5a8fd72-ab13-4f23-b13d-e86f36ea8de5', 'bcd138d9-67d5-46ad-9d3c-1b777deb566a', '88c6d7a8-a5b4-40fd-a274-4135ce5e33e5', '6c769ba3-821c-44fa-92f6-67c4443613da']
utokyo	['0869732c-5228-4a28-9c5a-467a5ebef78c', 'a021694e-a0a1-43e8-97e3-f4469e31d035', '0c3f8dc4-f899-4319-bc7c-beaa5ae10b50', '84ef2c77-91ca-471b-9ecf-4d7c870151fb']
utokyo	['51cb7800-2c5a-473c-86d3-e87f4bc5e65d', '664469cf-79c6-4343-884c-707c3922ea2b', 'fb41a073-a007-4ec7-8b18-1d7e23d826fe']
utokyo	['a6ae81d6-f014-4902-bae6-b06373b31c55']
utokyo	['415c9b83-b4a1-49ba-832b-f77c2e6f996c', '538b30e9-7a58-4e2f-9d3a-8c42319df4c4']
utokyo	['96677cbb-14bc-457a-9dbc-498e3c457f3b', 'f85e258b-5a7e-4ba8-a853-4ced9cc8b317', '3211e658-8467-4539-a67d-c7226767c989', 'e33ad8c1-2263-45e1-b823-77cdef0306af', '3c3f2a57-c5c5-4d63-9d7a-fdb7faf48170','1cd5c2fd-d756-4bd8-af39-4e880aa69ef8']
utokyo	['78e73d85-db28-4fd0-ab07-df18f397388f']
utokyo	['ea9fd82b-ed6e-4f64-b166-a994e392fef2', 'a721f766-7bda-4b7c-a105-6d0e0c4e3789']
utokyo	['5b24c19c-0bde-46ce-a32e-418b5ffaa8a3', '743b670f-5ca4-42df-aca7-ec31d9564d83']
utokyo	['216e3f0e-ccb9-4d54-ba56-d275fedbf52f']
utokyo	['bfbb0a28-756c-441b-a0a0-de04288fae47', '12946f28-5f4a-4ba5-8296-c08cbeeca501', '0d807e15-cf55-4038-83c4-d064a9ec2b46', '1a539495-14e5-437d-abd6-2e2e958fe123']
utokyo	['d7949184-0578-4cc8-ac05-b0c65bdb3d1c', 'eef71c56-a40e-4602-83cc-afd874faa707']
utokyo	['ece7309f-9e11-4cd0-93e7-e5bcf38eb78b', '29a90a49-4137-4f81-b24d-2d923ab8fb55']
utokyo	['9b58e3ab-7b6d-4e79-9eea-c21420b0eedc']
utokyo	['45e463b2-bdd5-407a-ab5c-8a5c5534e078']
utokyo	['056db3f1-f957-46c8-b16b-c8fce22e78f9', '889ccb86-bfe4-43d9-a4bd-95e662658ee1']
utokyo	['3ba731dd-156e-419b-80de-c19d4f88aa7d', '10e135e0-b85a-4e46-9d91-8884b26fb9c4']
utokyo	['8c8e2e9b-2c15-4dac-a4b2-16a3dda1eac4', '227ecabf-1e9c-4573-85f0-c7e89dfb29a3']
utokyo	['3549e738-4cce-492f-a530-e473777e3220', '48509cf2-9c7b-401a-99f9-fca9f1403149']
utokyo	['9239bf0f-db8c-4378-866d-15f302da08b5', '3042fd2e-3029-4725-9279-85e095537aa9']
utokyo	['72732366-3a3f-44d0-8cba-3c1c0f4659ca', '25c120c8-8e0c-43e0-b458-db26a6e71327']
utokyo	['a3e528b8-dce9-431f-b3ca-b2707f3439d2', '0c169d77-43f8-402b-b86c-04c885c46294', '62849d05-9673-4f68-a84e-c2a4293c8af7']
utokyo	['19fed6e1-5a0b-4042-9d6e-bb606936cb50', '76097b8e-7a8f-4e51-9afb-f42b8ed186d1']
utokyo	['3f0bd238-228d-4796-a3e4-820308fb04b0', '224c3de4-9683-462a-8eb4-224773425a7e', 'c89a1660-d243-4376-b4bc-970851a122fc']
utokyo	['a9c519a7-4776-42d6-bcf1-270f0d302843', 'ba20b25c-2135-45dc-8118-5a0752a06c79', '188085b1-9719-4fe9-b505-6171370e92f2']
utokyo	['62b73007-c94a-4c7e-a39f-98df30139f1c']
utokyo	['342c7d2a-509b-4a35-83d3-0dd14c58a4da', '490a50c0-988d-4091-9503-79c66e7d298a']
utokyo	['82ace2ff-4a87-4abe-ba45-3965bbc13658', '727ffce8-20ec-4111-af26-698eb306e8c7']
utokyo	['81bb7d9f-31c1-4ef6-a4be-12284c641ec6', '42159efd-19ef-439a-90fe-bf9bcd8169f0']
utokyo	['a1cf9215-730c-4c5a-9980-3108250984c2']
utokyo	['6a70377a-68fc-44ae-b8f2-1ae7855aac9e']
utokyo	['0eb88d90-6da1-4957-bc4f-1ced804cd7ce', '30dc1906-ebca-42f5-ae15-b371d7dbf658']
utokyo	['8b47ac19-7c4f-47d2-b5d0-755b524b66b2', '57027f54-4ec7-4b44-a93a-8440d0dafe2d']
utokyo	['f7b7c31e-cfdb-4029-b850-9f7ba98e42c2', 'd6e76dba-fafd-4dbc-8772-68fc59e25731', 'cf5f1b08-95bf-40be-b876-cf14cbf65e1a', 'b01959d9-6918-4f50-a091-0b1fdbabb829']
utokyo	['aee01849-0c36-4e61-ad3f-0304ee4ee999', 'cfff00c0-e4a2-4325-a329-6a07b96fd570']
utokyo	['9c5c9efc-608f-4fdf-9c29-2251a451c8f9', '19fb5546-43a2-4a7b-9afd-672e7fd257c4']
utokyo	['21d4012a-bc29-46ac-a2d0-d2ba504a2f83', 'a3c4eb3f-2d62-4730-8476-6c161d0a75ea', 'f5cfbdee-bad1-44c7-b97b-5269e5ae9764', '6397a3fd-f939-4ea3-a297-6c731cd60875']
utokyo	['610b2ed4-3327-4f32-8dca-d4e5c4fd2eb2', '53730322-9826-4773-8242-f4916d3c3acc', '029b759d-4b65-49bb-8640-80a2ce5dfd53']
utokyo	['54b8d9c0-c77f-4ccc-bf37-907b228fad09', '1d920f78-73d0-4323-b8b1-be51d27a69a7']
utokyo	['ebce88dd-4852-4506-9dcc-5f5798ce1cbf', '590a5958-2b90-4d99-b51e-1dbc20776c14', '7e82e95c-1bf4-4860-aa68-12502c2ced93', 'ca6e9ec9-46ac-4a02-8034-7c31157dc52c', '36c093d9-dbff-4fdd-bbc4-5302ae13415a', '8e83f8d4-0aca-41ee-8a36-56062bd227d9']
utokyo	['4560e062-ed97-4b52-8719-907cce2ce3b8', 'e3efb375-0605-4f8d-aa2a-8f2fb5cd8960', '5dff443a-6c97-4583-9c63-004d6aca9758']
utokyo	['cf95d6a4-6ad7-462c-9700-9f04bd993667']
utokyo	['cfe4d1f3-20c1-45d9-8bd3-5a7a8e7443f4', 'e832a197-6ce3-47fa-9871-e87f906d1d74']
utokyo	['b93ab731-52c3-43b2-9d99-4229663ba67c', 'c8ecd8dd-e019-419d-9173-43c6878e50c5']
utokyo	['a790b051-6a4a-47d2-ba1c-349a1dd29049', '69cb5ebd-5722-4af1-9316-1d2f579552eb', 'bed7b942-2d14-43d2-9622-ef19241e9c2f']
utokyo	['3d7ccb44-b05d-4b67-baae-4e0f55d8307b', '14177ca9-924f-4e68-b218-6009dbddc7cc', '95ab1ca9-e2d0-4086-b2ff-8a01fe32212b', 'f1ba41f8-c149-496e-bbbf-7a71da091e5b', '192e4b6b-cbc0-4b6f-995d-fbe11df9044e', '9cdb75d5-f8d7-428e-b826-b9aa09ab9571', '79d338d0-f5cf-4cc6-bf94-6654bba183d6']
utokyo	['a037eb93-9749-4022-8925-471aefb946b5', 'b793dab4-74ea-4c65-82ce-48ea4435c6c6']
utokyo	['79f47a60-f1e9-4232-88b8-a1836e7dfd30', 'dbf2f955-3de6-42e3-b74b-c9157fe765a0']
utokyo	['817e443a-d5a3-4cd4-87ab-95a2dd2a4fab', '753b1522-d82f-45f3-95cf-cda83545982c', 'c60f07a2-854b-410e-b715-13c2774f5cb8']
utokyo	['628f181f-de40-4db8-b56c-f1b62ab6ba8a']
utokyo	['6de30946-5d3a-47a8-b1d0-790937405da3', 'ca6ef987-bdc5-46ea-bbf4-ff7ec01b2824', '655ceb71-0b02-478c-9baa-c0e9ebd28804']
utokyo	['42686a5b-10d2-499f-b9a8-8043f528efdd', 'c8344145-e39b-4b13-92fe-dba432a60d89']
utokyo	['a738fe92-4d8e-48db-9c1f-280a7471b5dd', '6d58453d-574c-437f-ba8b-0ff530cc452b', 'f082242c-309f-48a1-97fa-5c1d6bd255fb', 'c9405dc8-6833-48b1-95b1-5ddfd6d89a91']
utokyo	['694bb5c8-233d-4bdd-825f-763db7429fbd', 'b830bcbd-f6fa-461f-9f2f-a7665a9517c1']
utokyo	['f362408a-1ef0-4766-9f73-cac3f663773f', '10341975-6612-4137-b0c2-703847ad4dba', '1652a22c-c350-4c2c-9e4c-71e055d1a268']
utokyo	['c97c63b8-9130-4277-868f-6fa7a8ef0e43']
utokyo	['1f65c1a4-00a1-49fb-a7bf-91b70c606316', 'f96161b8-7580-4352-a8f9-1285bd2b9ea2', 'd31d3761-f88c-4441-851d-8e33ab565a26', '281915aa-bb7f-4b0d-8546-9526cc94b35c', '640fec89-baf1-4fee-8d64-89d7ff478ad1']
utokyo	['487f5966-3469-4753-9b44-7899a311d73d', 'b0c29201-38ae-40cf-b751-ae77759e0b66']
utokyo	['99a250b0-a3bd-45de-9fb6-6f9a418dce1a', '56d0439a-2dd6-4f5c-b573-0a3651b474ca']
utokyo	['36061570-8403-4cc1-8ea0-1de39853d47b', '329b1b27-3101-4177-b052-03b726a2a963']
utokyo	['e230ee03-c90d-426c-91d2-256bdc0a3e68', '712b3769-5884-4903-b959-4686b97ce9b1', 'b4461fe4-c5ed-4764-8ef0-bcff0eb2714c']
utokyo	['1938c632-f575-49dd-8ae0-e48dbb467920']
utokyo	['292b2447-407d-45b5-8663-8d92a3f03064', 'd7ef0332-de78-4b15-b959-5fccbc3894c3']
utokyo	['690f58f1-f18c-4415-bab0-787c2f83d051', 'cf8345a5-30e1-44f9-8751-bd99836b5b1f']
utokyo	['eb2652af-7458-431a-a0a7-9e263594b910']
utokyo	['d250521e-5197-44aa-8baa-2f42b24444d2', '1314208b-b64d-4ebc-bc9a-fc05c091ed45']
utokyo	['7430d2f7-b40e-4abd-b361-1f2ecd97c5e2']
utokyo	['c56fa4ea-b7e1-4d2c-b1f3-b97bb6fe0c56', '8f91bc0d-9ce7-4b31-aba7-dd59791917df']
utokyo	['94cdabf3-c078-4ad4-a3a1-c42c8fc3f4ad', '238c275a-c8ce-4429-922e-4dceabe09d29', '126fe8f1-226a-4161-ad6e-84f9e5baeb3a']
utokyo	['0ee8d0ef-c5ba-42c5-9c40-8718faa081ec', '1f4f8bf2-3fa9-4544-bf6b-baf5b9568efd', '548bbb70-7d10-42f6-95a7-489e3524faa5', 'ff6d3d52-dda5-46dd-8515-b9b772933030', '988864ec-f4cc-4637-9e7d-243e003d3218']
utokyo	['5c61fe71-1a61-4d21-88f7-00da2b51094f', '1c36b36d-8390-435c-bbf9-054e11534df8', 'f89c9f9b-9c8d-4132-bac0-757f0ef32208', '7f582f18-fdd5-4d3d-abe5-e8a1e9739d1f']
utokyo	['c49ec223-bd82-4b3c-b54d-c597dcdef652', '2c66293f-b808-4494-bb6d-ea439888a920', '31f09a1d-41ea-4b68-a25c-62e876cc9a3f', '73eb69c9-762a-4ec6-999b-73ca4210a7ba']
utokyo	['b0c747fb-6126-4d24-8a98-eed8c211834e', '4c270344-1a5c-4a86-bf76-e7d98c8c5ebb', '4c625958-58bc-4745-8e63-3e6d2be2fdf2', '60b0ccb6-49f7-4a44-a70d-bf319217af50']
utokyo	['3eb0829f-6f33-46b6-b491-c6c53200de4b']
utokyo	['233492ff-a739-42b6-ad4d-ab8ca767d848']
utokyo	['1982af6d-8f53-43a5-b81a-cda5a8099e6e', 'eeebc062-c15d-48a5-bbf2-77d4a6e7b502']
utokyo	['7ba01fd2-4b09-4825-a98b-348519e9b731']
utokyo	['0b215326-8706-4611-9b76-3402d617f19e', 'be565a6d-8d36-435f-8e33-d2f698959292', '52bae57c-0f27-45ff-892f-bdc87ee27ea9', '318ad257-bf3f-4436-9dac-9de4bda710c3', '983190f9-ce86-428c-9baa-40c4be97ded7', '1e64cbac-80af-4aa8-86bd-cc03c081ab1a', 'a0b24dc7-12d4-49ee-b3a3-4192a26ebdfd']
utokyo	['64b06e7f-de80-4793-a31c-55e2bb535c82']
utokyo	['3de33b96-42ce-410b-ad17-231c9da3d4f9']
utokyo	['20bdff17-7831-4982-a4d2-705697c49b42', 'c40736ec-e68f-43f6-960d-7d8bd467b1c7']
utokyo	['22db2380-7ca6-4747-ad13-79a1a084bf54', 'db63576c-eacf-4ee0-a9a3-e4b671a833e6', '3f699595-db40-4dca-9908-33f2b06841fc']
utokyo	['dc7320e9-fc3d-497c-9ba4-fbbb1b28d79d', 'c656772d-de83-431a-b8c2-7468bf0a6f67']
utokyo	['33b87859-7487-423d-b899-36c84abffd02', '245cde61-d0a0-49c8-840d-e484b5f71a04', '6a1682a3-61c6-43a6-a413-4244b351946e']
utokyo	['deea1ad6-01dd-4ea5-b5f0-932b2292bed1', '9416ad54-220d-473d-b26c-7e007ef1e95f']
utokyo	['bf74a785-3c6c-4e8a-9c50-45ab3165d030', '4f035fa4-f388-4645-add7-89c4a0170099', 'ac0fa6ee-ce7c-42e4-951c-cea1259ccec3']
utokyo	['2be0151d-8ee7-4e7a-adf5-6b2b3d5afdb0', 'dc6c20e4-7376-44d1-91e3-48e83bb0d4a6']
utokyo	['217b513e-ce31-4118-875d-51393db09cfe', '8f760f0b-6b84-4a89-b553-288254c7533f', 'df283070-9970-47ae-82c9-27fac4b75387', '1aa28dec-e81d-4a76-b808-b804efaae529', '8b2eb476-c242-4220-8102-9f3152159788']
utokyo	['a8ce8831-58e4-4c84-926e-8f948fc782a7', '3a580dc3-93c0-44ef-9328-be6f65214def']
utokyo	['bfd0b75b-25b0-44a3-b1dd-2e8e9c0e9364', 'df6a8597-b073-4d4f-8aad-941886e256ae']
utokyo	['955f162e-05a1-43cc-9115-64817f6d1438']
utokyo	['ee401f80-7732-4f67-a9bb-0c1e58b40b84', '2ef6b123-c8aa-4620-a39c-89505731e866', 'c7f17022-ff2c-46b3-a810-3c52fbca2439']
utokyo	['3c756eea-cb0a-4372-a75a-9e1c31c2edd2']
utokyo	['d59f69bd-8250-4d06-998b-f057f51e6a8f', 'efd894dd-968a-494e-9b49-7001f71b1fbd']
utokyo	['053ca9bc-4822-4573-b04e-aea0c1ae97df']
utokyo	['9e4edf4d-e557-4b3d-bc35-0d7f1f91019b', '8877f9dc-a3f5-49c6-bdd6-19229fca02be']
utokyo	['53d9589b-c4c2-487b-824b-c59bcb7b1b05']
utokyo	['d660366e-4827-4410-a1a2-c95bc7ff4183', 'ff6cfcfc-0441-4963-9bab-9eca357470fa']
utokyo	['c3475eb7-c0e3-4710-bc55-755f64001917']
utokyo	['84322f50-7fce-4d49-a04b-9ecd7afd4119', 'd69390cb-5af0-490f-9d4f-6a56cce4dff8']
utokyo	['4594bf17-4251-49c0-b5a7-9cbd86e532c4']
utokyo	['b59f7f5d-2991-49a6-8e88-0e2f2db92585', 'ea462b7e-bc10-4e07-bd03-a19281f36af2']
utokyo	['daf3839b-4cce-4faf-937d-722ad2b81720']
utokyo	['578145af-2e9c-4841-a215-4d067ff5057d', '404cc1c1-f7a0-4e16-9a39-b8e2d5d9ae59']
utokyo	['64246b7f-86c9-4062-a11f-3352fae1fca1', '0f74f1ba-7223-4990-8fb8-41df61742988', '1707542b-3bdf-4671-a4e4-06a04eea3974']
utokyo	['87cfce50-3d03-4ffe-b9a7-e94a435175e3', '8daa6e1d-ff60-4f57-a250-45f9fcb98129', 'ac2d5e36-81bd-4ad0-8c51-7c90ad1b3b36']
utokyo	['8b9b9816-d6eb-4544-818e-9d59e400b80d', 'a887acbe-efd5-48e2-ad8b-8e22a3c654d2']
utokyo	['0d32d3bd-bfc8-4631-9002-7ffd97e4d65f', '4c90446e-a940-4d2c-8dad-c8c30875cca7']
utokyo	['e19b1be3-8ee9-44cc-ae7d-99a3591ebba5', 'eafada5b-3e7f-4996-aeff-e6b83e92ebfb']
utokyo	['2deae04b-c991-425b-b00e-5fd6c0e7f117', 'd1ec3f0b-bfed-4a34-a44d-1e45b9fe119b', '5921839a-19f2-435c-abc7-a2e40505f9cd']
utokyo	['719d9e89-4eb2-49ea-be14-dc2637dc303f', '1ece4937-dc98-4d2a-ba7a-82504528157d', 'ba381e74-eafa-443c-ba2f-4ce6450500b0']
utokyo	['8c309d88-bf71-49f3-9d05-b7a1d84babd4', '6511b790-f6a7-4cc4-a855-41bb2cb1d1fa', '9f6a691f-26b3-4fb8-a1dd-2c0f4e1e23b6', '411b5e9c-09f5-4944-b05f-4314d2a48db2']
utokyo	['7f70ae0a-d097-4dda-9afa-318188dfce2d', '86343e9e-b932-41d3-ad6f-83f2c2fe5486', 'a4168afc-c19a-42dc-a8df-153072e4f455', 'fe6026c6-d7e9-46fa-a4bb-2f09178c0eb5']
utokyo	['66a0900b-069d-48bf-9071-f4e659f8a9d0', '5296b74a-8b8e-4014-bb43-67d8f8c752d0']
utokyo	['09bccca1-368b-4776-9433-3c8835837110']
utokyo	['8d206fe8-3270-4176-accb-05ecdf094e3a', '2a854c4f-0d6f-4a88-9623-48e055fdd938', 'b7bf3a7b-9ff2-47cf-9605-08433ecdff97']
utokyo	['ded75126-e93d-4cd3-b8f1-6a5e1c6c8e3b', 'e1fa7b91-41ea-467d-b242-7bb08f8e5960', 'd4c2429e-cf3c-439e-9908-737a47685cfe', '0b6fc89d-bf4b-44f3-82e7-67ee02517459']
utokyo	['ea33c0ee-82e7-4c65-adf1-dbbd9fc83d9b', '20a7d928-dc54-423d-8cfd-c15f29dceba8']
utokyo	['77492931-1b87-4d83-a7ae-54f6030b341e', '09243eac-241b-43f1-ac6d-3dedc975d14f', 'f36a1cef-a868-4cc7-8424-a166d9752c1f', '068c3c6b-fbbc-486f-bc4c-f56e26448a09', '032f0478-17c5-4ac3-845c-0dd87c2ef113']
utokyo	['e191e0de-e570-4925-9cbb-e05fe1132a47', 'edb25756-ce95-4a8e-8560-eff27bd2065a', '61cfe7fa-6236-408b-8d66-a71b725b56c2', '72b160a3-158a-49be-9e61-cc154f4febc6']
utokyo	['bb9b356a-c038-4214-85dd-9039ab41cffc', '52aea797-af36-4f42-a620-f0e97a3368ed', '10c90fd9-1668-4293-b24f-93679a355209', 'f1982384-b7f2-4d45-b2e2-8d0b0f6439e5']
utokyo	['5251b41e-91b1-4b87-9a18-c631b1d17e2e', '796134a5-a76d-48fa-b9b2-477165511bfd']
utokyo	['0cf6e8bd-48a6-4764-9367-c59603a00e4e', '947e135d-ae28-4812-8575-8418ff4585ff', '10102177-0562-4c6f-885a-ad8c25262bdd']
utokyo	['47305621-3729-44cc-8f1f-814faf214c40', '35fa3da9-4e1a-4d02-b4e2-98ff0db7ce05']
utokyo	['2422d726-0286-48bc-96a6-fe29c45cc409', '3fa64efd-45e8-412e-a665-914d0cfda32e']
utokyo	['e3c805ff-3afc-4275-9e4d-b91937aeb642', 'db6c7c04-6678-4748-9e66-b3a43b0dd37d']
utokyo	['ab070b36-def2-4ad7-a760-2a9ce29ce505', '2bb944ab-e0bf-4f69-909b-3aa550c6cd39']
utokyo	['93d50e4c-0a3b-430a-8267-01fbe5f302f4', '461f3dd7-9283-4829-9710-888b8323656e']
utokyo	['f3869c7d-ba5a-4506-90c3-564bb81a4785', '329d3eff-f940-437d-9ce4-0126f48b74ce', '30571486-5e15-4a42-9459-cde2e9312f8d']
utokyo	['a6b81d4e-484a-4987-85bf-f1582b66ed0c']
utokyo	['b1b788b9-5f7f-4f8d-b9eb-951d4bdbbef4', '5c8f7ae5-738f-438c-8125-91760894329f', '8540abdb-db89-442d-9b10-2648ee3fe3b2', '111246e4-551f-493e-867e-81beb00367ea']
utokyo	['d813a821-8cc1-4700-a7a4-d4e6edfed26e', 'ee114c86-05fc-4d47-8c9a-8dfeafed0457', '8222d217-647b-4675-a104-33177fccdd54', 'f8edd4a3-e3e8-41e8-ae72-a90ac0b771eb', '7b6526e6-ce7e-4bdc-a029-2444151c4e4b']
utokyo	['229e8124-605e-4c86-b4ac-fc03e0a71111', 'd0230ced-05b0-4cf0-93cb-e5ba78f36047', '12c94eea-9d2c-4a0e-a25c-c3d286f566d0']
utokyo	['74462b79-89be-40c4-8148-e176fc150265', 'a4728450-c05c-4d51-91e4-348f571d74bc', '210b5b51-6dae-43b2-9cf8-28e04a785f18', 'b700aae8-8350-44fe-be4c-cba85514aec0']
utokyo	['33990a56-b86a-4cac-b6d9-f08d07582765', 'e3ee60f1-5a34-4682-9ebb-ffbf1ea20758']
utokyo	['526a15e9-39a2-49a0-ba0b-83da2e276b09', 'f4a72335-18d8-42d2-94a5-9dd8b4a4d388']
utokyo	['5e15c5d1-06b5-408b-bd16-c5e277a2da82', '0d3641c6-68db-492c-967e-a396c9de59e6']
utokyo	['5b728b4b-d750-4ca3-953b-eb712ddadf07', 'ba9be74c-4fb2-46ae-96f5-c6369f7547bd']
utokyo	['65403036-df60-4ccb-ac72-2808b841665c', 'db12c610-cd57-4ffb-a3ef-adcdd21ed2e1']
utokyo	['a43fbc55-2835-447f-b88f-1ce3d426d790', '41086f70-0ac2-4093-bd9d-e6269a671ab0']
utokyo	['982e2d58-f1a9-444b-9151-756a920dcd9e', '3d01f5cf-ed49-4e06-bdb1-efcfed397e4c', '35e554fb-0add-443a-909d-9625e7a6cbf3']
utokyo	['a9b2b5ec-dff3-4154-a34c-a0ec3722495d', 'b11d072b-e4eb-4f74-9970-8245d8e67744']
utokyo	['72f9c7a5-24b6-4134-85ff-00c0d9910709', '7486783b-6c94-411a-b01c-de8c206a9d80']
utokyo	['62786c81-614b-4c6e-966b-4541c829b0e7', 'eb04561c-2ffd-4ea1-aab4-7cadc24db9f9']
utokyo	['8912a138-6c68-424d-8be5-59e0d4f5c173', '07a2ef8c-e9dd-4b53-a754-5dad076407aa']
utokyo	['40066fad-8feb-4853-b7f3-63e17053b75c', '371c854c-6c02-4d59-90ff-f07b3cb5d3f4']
utokyo	['63f522db-8a30-4eab-a1a1-d4e89c800dd0', '7cb7a77b-fe8f-45de-855a-cd39fa074815']
utokyo	['2409a5a7-a4ed-4fcb-ad77-024dc20988ca', '33398391-5740-4077-9e02-d635e6ca4267']
utokyo	['67759ea1-52a2-45ee-b129-f482532d83df', 'cd2485dc-fa23-47f8-943a-52b9afcf5a7f']
utokyo	['40d6688c-fc38-4b92-ab7a-62ebfb4d310e', '5991c3ba-86a4-46d0-be04-966d1f681b4d']
utokyo	['174bee0b-b5d6-4e22-b81d-048005ae6ba6']
utokyo	['b86d5db4-dcd2-4d5e-913a-784d1dd42d67']
utokyo	['b737cd68-4e0d-440a-9813-a6c90080fac5', 'b72625b0-c25e-4e6c-ba6c-00f7e3e53666']
utokyo	['3f0286ca-92d7-4366-b510-d3146251d825', 'b6df0ca5-f453-4eea-b1bf-e30ea0c70bef']
utokyo	['d0f880bc-bf44-4f85-a8a3-f8798f1a9f5f', '3588502f-e1c1-426c-81d6-6fac28e6c81a', 'f54b6137-abc1-4b2d-b009-c1d6c1a97974']
utokyo	['390715f4-94ea-4447-82da-69d10ab25086']
utokyo	['51fc62f8-00f4-44e3-af9c-7ebb63da6c3d', '1134205f-6f03-47ac-bf8e-ae1453dc7fc9', '0ba47c77-96fe-4930-b167-340e62ab851c', '93b49229-b25a-4775-ab81-4922f61f8a22', 'c8594cad-b869-45f0-a8d7-30216cd11151']
utokyo	['36911f7d-320a-4372-8f8e-5bfb7c1961a9', '96e231f7-fa0b-4c98-99c8-3edfbe765cb3', '8b81d2e1-4ebb-4144-8d9a-1a602bf7e759']
utokyo	['cecd4a27-9e08-4e56-b288-f3eeab2ac8a6', '62957932-3d57-4f48-b2b8-54b325c05cef', '9e5e2f85-898e-48ac-b6d6-12bce4a820eb']
utokyo	['b0a55292-f9a0-4af2-8f2a-bd6d7eff2b2e']
utokyo	['2bccee1b-0ade-47ad-8e15-ad6c00861540', 'f7ca7dc2-6ab3-40aa-a323-1cb91970674c', '413fe086-1745-4573-b75b-e7d26ff72df9']
utokyo	['6073bebd-0755-428d-a652-63efcdc4f4e5', '27943b29-52b6-493b-b917-7634d99d60d8']
utokyo	['c8e39184-6bf1-48e4-9c62-441b58f6e391', 'decd766d-bb93-4854-8918-24494922f321', '029532a0-3b50-457d-a790-f9dcabf93101']
utokyo	['da80cc0f-c003-4ef3-b5ca-b09d3b105a03']
utokyo	['f07d4739-4296-4164-b62b-68729f994451', 'c1c18372-0f3a-4996-beaf-d505faed7d17']
utokyo	['d888b7c1-d5da-4055-9307-b978afc58338', '439a78ee-4776-4b70-9ac2-896f9f22f44c', '85f8d1ec-62d5-49cc-83b5-241ac9fc5108']
utokyo	['7124feaf-8255-4bad-b99b-7b2b1fe71d8b', '36ab35f0-7882-4f35-86f2-43ae8e613aac']
utokyo	['5c00fc7f-e94b-47ac-98bb-a04896fd6092', '653830b0-2c7b-45f1-9c4e-0313d377ec43']
utokyo	['b19ba0e0-c95b-497a-9cf3-151ffa18d099', 'bff3d583-ca3b-44b8-9740-3b34c5a8d7a9']
